link,published,source,summary,title
https://www.bilibili.com/bangumi/play/ss119017,09:00,Bilibili Timeline (legacy),09:00,万古至尊：李云霄传
https://www.bilibili.com/bangumi/play/ss264634,09:00,Bilibili Timeline (legacy),09:00,成也萧河
https://www.bilibili.com/bangumi/play/ss302883,10:00,Bilibili Timeline (legacy),10:00,罗拉航海日记
https://www.bilibili.com/bangumi/play/ss302887,10:00,Bilibili Timeline (legacy),10:00,罗拉航海日记 中文配音
https://www.bilibili.com/bangumi/play/ss272443,09:00,Bilibili Timeline (legacy),09:00,掌门低调点
https://www.bilibili.com/bangumi/play/ss302883,10:00,Bilibili Timeline (legacy),10:00,罗拉航海日记
https://www.bilibili.com/bangumi/play/ss302887,10:00,Bilibili Timeline (legacy),10:00,罗拉航海日记 中文配音
https://www.bilibili.com/bangumi/play/ss262397,09:00,Bilibili Timeline (legacy),09:00,李熊猫
https://www.bilibili.com/bangumi/play/ss247422,10:00,Bilibili Timeline (legacy),10:00,苏东坡与杭州的故事
https://www.bilibili.com/bangumi/play/ss302883,10:00,Bilibili Timeline (legacy),10:00,罗拉航海日记
https://www.bilibili.com/bangumi/play/ss302887,10:00,Bilibili Timeline (legacy),10:00,罗拉航海日记 中文配音
https://www.bilibili.com/bangumi/play/ss302883,10:00,Bilibili Timeline (legacy),10:00,罗拉航海日记
https://www.bilibili.com/bangumi/play/ss302887,10:00,Bilibili Timeline (legacy),10:00,罗拉航海日记 中文配音
https://www.bilibili.com/bangumi/play/ss283870,11:00,Bilibili Timeline (legacy),11:00,雪王来了！
https://www.bilibili.com/bangumi/play/ss105212,18:00,Bilibili Timeline (legacy),18:00,时光代理人 第三季
https://www.bilibili.com/bangumi/play/ss272443,09:00,Bilibili Timeline (legacy),09:00,掌门低调点
https://www.bilibili.com/bangumi/play/ss247422,10:00,Bilibili Timeline (legacy),10:00,苏东坡与杭州的故事
https://www.bilibili.com/bangumi/play/ss263198,10:00,Bilibili Timeline (legacy),10:00,缔灵爱水心缠
https://www.bilibili.com/bangumi/play/ss298872,10:00,Bilibili Timeline (legacy),10:00,小车队大救援：自然护卫队
https://www.bilibili.com/bangumi/play/ss298873,10:00,Bilibili Timeline (legacy),10:00,小车队大救援：自然护卫队 中文配音
